model_version,true,final_response,false_positive,correct
v1_raw,virginica,virginica,False,True
v1_raw,setosa,setosa,False,True
v1_raw,setosa,setosa,False,True
v1_raw,versicolor,versicolor,False,True
v1_raw,virginica,virginica,False,True
v1_raw,versicolor,versicolor,False,True
v1_raw,setosa,setosa,False,True
v1_raw,virginica,virginica,False,True
v1_raw,virginica,virginica,False,True
v1_raw,virginica,virginica,False,True
v1_raw,virginica,virginica,False,True
v1_raw,setosa,setosa,False,True
v1_raw,versicolor,versicolor,False,True
v1_raw,virginica,virginica,False,True
v1_raw,setosa,setosa,False,True
v1_raw,virginica,virginica,False,True
v1_raw,versicolor,versicolor,False,True
v1_raw,versicolor,versicolor,False,True
v1_raw,versicolor,versicolor,False,True
v1_raw,versicolor,versicolor,False,True
v1_raw,setosa,setosa,False,True
v1_raw,setosa,setosa,False,True
v1_raw,versicolor,versicolor,False,True
v1_raw,versicolor,versicolor,False,True
v1_raw,setosa,setosa,False,True
v1_raw,virginica,virginica,False,True
v1_raw,versicolor,versicolor,False,True
v1_raw,virginica,virginica,False,True
v1_raw,setosa,setosa,False,True
v1_raw,versicolor,versicolor,False,True
v1_raw,setosa,setosa,False,True
v1_raw,virginica,virginica,False,True
v1_raw,virginica,virginica,False,True
v1_raw,setosa,setosa,False,True
v1_raw,virginica,virginica,False,True
v1_raw,versicolor,versicolor,False,True
v2_description,virginica,virginica,False,True
v2_description,setosa,setosa,False,True
v2_description,setosa,setosa,False,True
v2_description,versicolor,versicolor,False,True
v2_description,virginica,virginica,False,True
v2_description,versicolor,versicolor,False,True
v2_description,setosa,setosa,False,True
v2_description,virginica,virginica,False,True
v2_description,virginica,virginica,False,True
v2_description,virginica,virginica,False,True
v2_description,virginica,virginica,False,True
v2_description,setosa,setosa,False,True
v2_description,versicolor,versicolor,False,True
v2_description,virginica,virginica,False,True
v2_description,setosa,setosa,False,True
v2_description,virginica,virginica,False,True
v2_description,versicolor,versicolor,False,True
v2_description,versicolor,versicolor,False,True
v2_description,versicolor,versicolor,False,True
v2_description,versicolor,versicolor,False,True
v2_description,setosa,setosa,False,True
v2_description,setosa,setosa,False,True
v2_description,versicolor,versicolor,False,True
v2_description,versicolor,versicolor,False,True
v2_description,setosa,setosa,False,True
v2_description,virginica,virginica,False,True
v2_description,versicolor,versicolor,False,True
v2_description,virginica,virginica,False,True
v2_description,setosa,setosa,False,True
v2_description,versicolor,versicolor,False,True
v2_description,setosa,setosa,False,True
v2_description,virginica,virginica,False,True
v2_description,virginica,virginica,False,True
v2_description,setosa,setosa,False,True
v2_description,virginica,virginica,False,True
v2_description,versicolor,versicolor,False,True
